Parametr,Wartość,Najlepszy R^2,Średni R^2,Najlepszy Loss,Średni Loss,Najlepsze MAE,Średnie MAE,Najlepsze MAPE,Średnie MAPE
Warstwy,1,0.23662446459116993,0.2286357096509939,2093.13134765625,2099.8865966796875,35.648895263671875,36.03611602783203,44.512054443359375,44.113834381103516
Warstwy,2,0.5283597314090975,0.4783471917430065,1253.1988525390625,1415.77880859375,27.352062225341797,28.49443817138672,36.666744232177734,39.85420455932617
Warstwy,3,0.7155598475270657,0.7100911839106148,777.953857421875,786.4966674804688,21.543235778808594,21.6401798248291,20.884597778320312,20.846992111206056
Warstwy,4,0.7560716359793838,0.7385844964376423,666.740966796875,702.1505981445313,19.88762092590332,20.400484466552733,18.42317771911621,19.465251922607422
Warstwy,10,0.7836467332167858,0.7673857242373762,575.904296875,616.2962280273438,18.3353328704834,18.872303009033203,16.398488998413086,17.05356636047363
Warstwy,3,0.7299803387472398,0.7117965666924762,732.93359375,773.3353637695312,21.24471664428711,21.549937438964843,20.456100463867188,20.810272216796875
Warstwy,4,0.7810563017976363,0.7543725172353557,573.9178466796875,661.4996948242188,18.466854095458984,19.73979606628418,16.709531784057617,18.234607696533203
Warstwy,10,0.8042078446851479,0.7889250262299388,520.387939453125,567.7517578125,17.49781036376953,18.26039237976074,15.951531410217285,16.718128776550294
